id_customer,first_name,last_name,email,creation_date,update_time
187,Carey,Keemer,ckeemer8f@uiuc.edu,04-May-22,2022-06-12T01:02:00Z
843,Roosevelt,Virgoe,rvirgoebp@virginia.edu,16-May-22,2022-06-12T01:34:00Z
422,Emelia,Tarry,etarry4k@narod.ru,08-May-22,2022-06-12T03:51:00Z
164,Angel,Monk,amonkhp@issuu.com,04-May-22,2022-06-12T05:54:00Z
1518,Osbourn,Hurll,ohurll2i@google.co.jp,27-May-22,2022-06-12T09:22:00Z
1504,Marilee,Towsie,mtowsie6x@com.com,27-May-22,2022-06-12T12:19:00Z
585,Cheslie,Concannon,cconcannonki@1688.com,12-May-22,2022-06-12T12:33:00Z
243,Halsy,Simao,hsimaoef@mashable.com,05-May-22,2022-06-12T17:51:00Z